Time (UTC), Channel1
05/22/21 12:20:15, 84.2
05/22/21 12:20:20, 84.2
05/22/21 12:21:10, 87.6
05/22/21 12:21:15, 87.6
05/22/21 12:22:10, 86.3
05/22/21 12:22:15, 86.3
05/22/21 12:23:10, 92.0
05/22/21 12:23:15, 92.0
05/22/21 12:24:10, 96.8
05/22/21 12:24:15, 96.8
05/22/21 12:25:05, 100.6
05/22/21 12:25:10, 100.9
05/22/21 12:25:15, 100.9
05/22/21 12:26:10, 104.8
05/22/21 12:26:15, 104.8
05/22/21 12:27:10, 108.2
05/22/21 12:27:15, 108.2
05/22/21 12:28:10, 111.4
05/22/21 12:28:15, 111.4
05/22/21 12:29:10, 114.2
05/22/21 12:29:15, 114.2
05/22/21 12:30:10, 116.9
05/22/21 12:30:15, 116.9
05/22/21 12:31:10, 119.4
05/22/21 12:31:15, 119.4
05/22/21 12:32:10, 120.1
05/22/21 12:32:15, 120.1
05/22/21 12:33:10, 106.2
05/22/21 12:33:15, 106.2
05/22/21 12:34:10, 103.5
05/22/21 12:34:15, 103.5
05/22/21 12:35:10, 105.3
05/22/21 12:35:15, 105.3
05/22/21 12:36:10, 106.9
05/22/21 12:36:15, 106.9
05/22/21 12:37:10, 111.9
05/22/21 12:37:15, 111.9
05/22/21 12:38:10, 114.2
05/22/21 12:38:15, 114.2
05/22/21 12:39:10, 115.5
05/22/21 12:39:15, 115.5
05/22/21 12:40:10, 112.6
05/22/21 12:40:15, 112.6
05/22/21 12:41:10, 118.8
05/22/21 12:41:15, 118.8
05/22/21 12:42:10, 113.2
05/22/21 12:42:15, 113.2
05/22/21 12:43:10, 126.7
05/22/21 12:43:15, 126.7
05/22/21 12:44:10, 130.0
05/22/21 12:44:15, 130.0
05/22/21 12:45:10, 130.0
05/22/21 12:45:15, 130.0
05/22/21 12:46:10, 137.3
05/22/21 12:46:15, 137.3
05/22/21 12:47:10, 139.5
05/22/21 12:47:15, 139.5
05/22/21 12:48:10, 141.8
05/22/21 12:48:15, 141.8
05/22/21 12:49:10, 143.6
05/22/21 12:49:15, 143.6
05/22/21 12:50:10, 145.0
05/22/21 12:50:15, 145.0
05/22/21 12:51:10, 146.2
05/22/21 12:51:15, 146.2
05/22/21 12:52:10, 147.5
05/22/21 12:52:15, 147.5
05/22/21 12:53:10, 148.7
05/22/21 12:53:15, 148.7
05/22/21 12:54:10, 149.9
05/22/21 12:54:15, 149.9
05/22/21 12:55:05, 151.1
05/22/21 12:55:10, 151.2
05/22/21 12:55:15, 151.2
05/22/21 12:56:10, 152.4
05/22/21 12:56:15, 152.4
05/22/21 12:57:10, 153.4
05/22/21 12:57:15, 153.4
05/22/21 12:58:10, 154.5
05/22/21 12:58:15, 154.5
05/22/21 12:59:10, 155.6
05/22/21 12:59:15, 155.6
05/22/21 13:00:10, 156.5
05/22/21 13:00:15, 156.5
05/22/21 13:01:10, 157.8
05/22/21 13:01:15, 157.8
05/22/21 13:02:10, 158.8
05/22/21 13:02:15, 158.8
05/22/21 13:03:10, 159.9
05/22/21 13:03:15, 159.9
05/22/21 13:04:10, 160.7
05/22/21 13:04:15, 160.7
05/22/21 13:05:10, 161.9
05/22/21 13:05:15, 161.9
05/22/21 13:06:10, 163.1
05/22/21 13:06:15, 163.1
05/22/21 13:07:10, 164.3
05/22/21 13:07:15, 164.3
05/22/21 13:08:10, 165.6
05/22/21 13:08:15, 165.6
05/22/21 13:09:10, 166.7
05/22/21 13:09:15, 166.7
05/22/21 13:10:10, 167.8
05/22/21 13:10:15, 167.8
05/22/21 13:11:10, 168.8
05/22/21 13:11:15, 168.8
05/22/21 13:12:10, 170.2
05/22/21 13:12:15, 170.2
05/22/21 13:13:10, 171.7
05/22/21 13:13:15, 171.7
05/22/21 13:14:10, 173.3
05/22/21 13:14:15, 173.3
05/22/21 13:15:10, 174.6
05/22/21 13:15:15, 174.6
05/22/21 13:16:10, 175.5
05/22/21 13:16:15, 175.5
05/22/21 13:17:10, 176.8
05/22/21 13:17:15, 176.8
05/22/21 13:18:10, 177.8
05/22/21 13:18:15, 177.8
05/22/21 13:19:10, 178.9
05/22/21 13:19:15, 178.9
05/22/21 13:20:10, 180.3
05/22/21 13:20:15, 180.3
05/22/21 13:21:10, 181.4
05/22/21 13:21:15, 181.4
05/22/21 13:22:10, 182.6
05/22/21 13:22:15, 182.6
05/22/21 13:23:10, 183.9
05/22/21 13:23:15, 183.9
05/22/21 13:24:10, 184.8
05/22/21 13:24:15, 184.8
05/22/21 13:25:10, 186.0
05/22/21 13:25:15, 186.0
05/22/21 13:26:10, 187.1
05/22/21 13:26:15, 187.1
05/22/21 13:27:10, 211.9
05/22/21 13:27:15, 211.9
05/22/21 13:28:10, 215.3
05/22/21 13:28:15, 215.3
05/22/21 13:29:10, 217.0
05/22/21 13:29:15, 217.0
05/22/21 13:30:10, 218.6
05/22/21 13:30:15, 218.6
05/22/21 13:31:10, 218.5
05/22/21 13:31:15, 218.5
05/22/21 13:32:10, 219.4
05/22/21 13:32:15, 219.4
05/22/21 13:33:10, 220.5
05/22/21 13:33:15, 220.5
05/22/21 13:34:10, 220.7
05/22/21 13:34:15, 220.7
05/22/21 13:35:10, 222.5
05/22/21 13:35:15, 222.5
05/22/21 13:36:10, 223.0
05/22/21 13:36:15, 223.0
05/22/21 13:37:10, 224.7
05/22/21 13:37:15, 224.7
05/22/21 13:38:10, 224.2
05/22/21 13:38:15, 224.2
05/22/21 13:39:10, 223.6
05/22/21 13:39:15, 223.6
05/22/21 13:40:10, 224.6
05/22/21 13:40:15, 224.6
05/22/21 13:41:10, 224.3
05/22/21 13:41:15, 224.3
05/22/21 13:42:10, 226.6
05/22/21 13:42:15, 226.6
05/22/21 13:43:10, 229.0
05/22/21 13:43:15, 229.0
05/22/21 13:44:10, 232.8
05/22/21 13:44:15, 232.8
05/22/21 13:45:10, 237.9
05/22/21 13:45:15, 237.9
05/22/21 13:46:10, 200.2
05/22/21 13:46:15, 200.2
05/22/21 13:46:35, 
05/22/21 13:46:40, 
05/22/21 13:46:45, 
05/22/21 13:47:10, 205.9
05/22/21 13:47:15, 205.9
05/22/21 13:47:35, 
05/22/21 13:47:40, 
05/22/21 13:47:45, 
05/22/21 13:48:10, 230.0
05/22/21 13:48:15, 230.0
05/22/21 13:48:35, 
05/22/21 13:48:40, 
05/22/21 13:48:45, 
05/22/21 13:49:10, 239.6
05/22/21 13:49:15, 239.6
05/22/21 13:49:35, 
05/22/21 13:49:40, 
05/22/21 13:49:45, 
05/22/21 13:50:10, 242.4
05/22/21 13:50:15, 242.4
05/22/21 13:50:35, 
05/22/21 13:50:40, 
05/22/21 13:50:45, 
05/22/21 13:51:10, 243.1
05/22/21 13:51:15, 243.1
05/22/21 13:51:35, 
05/22/21 13:51:40, 
05/22/21 13:51:45, 
05/22/21 13:52:10, 242.6
05/22/21 13:52:15, 242.6
05/22/21 13:52:35, 
05/22/21 13:52:40, 
05/22/21 13:52:45, 
05/22/21 13:53:10, 241.7
05/22/21 13:53:15, 241.7
05/22/21 13:53:35, 
05/22/21 13:53:40, 
05/22/21 13:53:45, 
05/22/21 13:54:10, 241.4
05/22/21 13:54:15, 241.4
05/22/21 13:54:35, 
05/22/21 13:54:40, 
05/22/21 13:54:45, 
05/22/21 13:55:10, 242.1
05/22/21 13:55:15, 242.1
05/22/21 13:55:35, 
05/22/21 13:55:40, 
05/22/21 13:55:45, 
05/22/21 13:56:10, 241.9
05/22/21 13:56:15, 241.9
05/22/21 13:56:35, 
05/22/21 13:56:40, 
05/22/21 13:56:45, 
05/22/21 13:57:10, 242.1
05/22/21 13:57:15, 242.1
05/22/21 13:57:35, 
05/22/21 13:57:40, 
05/22/21 13:57:45, 
05/22/21 13:58:10, 240.4
05/22/21 13:58:15, 240.4
05/22/21 13:58:35, 
05/22/21 13:58:40, 
05/22/21 13:58:45, 
05/22/21 13:59:10, 240.2
05/22/21 13:59:15, 240.2
05/22/21 13:59:35, 
05/22/21 13:59:40, 
05/22/21 13:59:45, 
05/22/21 14:00:10, 240.1
05/22/21 14:00:15, 240.1
05/22/21 14:00:35, 
05/22/21 14:00:40, 
05/22/21 14:00:45, 
05/22/21 14:01:10, 239.8
05/22/21 14:01:15, 239.8
05/22/21 14:01:35, 
05/22/21 14:01:40, 
05/22/21 14:01:45, 
05/22/21 14:02:10, 239.9
05/22/21 14:02:15, 239.9
05/22/21 14:02:35, 
05/22/21 14:02:40, 
05/22/21 14:02:45, 
05/22/21 14:03:10, 240.4
05/22/21 14:03:15, 240.4
05/22/21 14:03:35, 
05/22/21 14:03:40, 
05/22/21 14:03:45, 
05/22/21 14:04:10, 240.8
05/22/21 14:04:15, 240.8
05/22/21 14:04:35, 
05/22/21 14:04:40, 
05/22/21 14:04:45, 
05/22/21 14:05:10, 241.3
05/22/21 14:05:15, 241.3
05/22/21 14:05:35, 
05/22/21 14:05:40, 
05/22/21 14:05:45, 
05/22/21 14:06:10, 241.7
05/22/21 14:06:15, 241.7
05/22/21 14:06:35, 
05/22/21 14:06:40, 
05/22/21 14:06:45, 
05/22/21 14:07:10, 242.3
05/22/21 14:07:15, 242.3
05/22/21 14:07:35, 
05/22/21 14:07:40, 
05/22/21 14:07:45, 
05/22/21 14:08:10, 243.4
05/22/21 14:08:15, 243.4
05/22/21 14:08:35, 
05/22/21 14:08:40, 
05/22/21 14:08:45, 
05/22/21 14:09:10, 242.5
05/22/21 14:09:15, 242.5
05/22/21 14:09:35, 
05/22/21 14:09:40, 
05/22/21 14:09:45, 
05/22/21 14:10:10, 242.1
05/22/21 14:10:15, 242.1
05/22/21 14:10:35, 
05/22/21 14:10:40, 
05/22/21 14:10:45, 
05/22/21 14:11:10, 243.3
05/22/21 14:11:15, 243.3
05/22/21 14:11:35, 
05/22/21 14:11:40, 
05/22/21 14:11:45, 
05/22/21 14:12:10, 244.0
05/22/21 14:12:15, 244.0
05/22/21 14:12:35, 
05/22/21 14:12:40, 
05/22/21 14:12:45, 
05/22/21 14:13:10, 244.3
05/22/21 14:13:15, 244.3
05/22/21 14:13:35, 
05/22/21 14:13:40, 
05/22/21 14:13:45, 
05/22/21 14:14:10, 244.7
05/22/21 14:14:15, 244.7
05/22/21 14:14:35, 
05/22/21 14:14:40, 
05/22/21 14:14:45, 
05/22/21 14:15:10, 245.2
05/22/21 14:15:15, 245.2
05/22/21 14:15:35, 
05/22/21 14:15:40, 
05/22/21 14:15:45, 
05/22/21 14:16:10, 244.8
05/22/21 14:16:15, 244.8
05/22/21 14:16:35, 
05/22/21 14:16:40, 
05/22/21 14:16:45, 
05/22/21 14:17:10, 245.3
05/22/21 14:17:15, 245.3
05/22/21 14:17:35, 
05/22/21 14:17:40, 
05/22/21 14:17:45, 
05/22/21 14:18:10, 246.1
05/22/21 14:18:15, 246.1
05/22/21 14:18:35, 
05/22/21 14:18:40, 
05/22/21 14:18:45, 
05/22/21 14:19:10, 247.7
05/22/21 14:19:15, 247.7
05/22/21 14:19:35, 
05/22/21 14:19:40, 
05/22/21 14:19:45, 
05/22/21 14:20:10, 248.1
05/22/21 14:20:15, 248.1
05/22/21 14:20:35, 
05/22/21 14:20:40, 
05/22/21 14:20:45, 
05/22/21 14:21:10, 248.8
05/22/21 14:21:15, 248.8
05/22/21 14:21:35, 
05/22/21 14:21:40, 
05/22/21 14:21:45, 
05/22/21 14:22:10, 249.4
05/22/21 14:22:15, 249.4
05/22/21 14:22:35, 
05/22/21 14:22:40, 
05/22/21 14:22:45, 
05/22/21 14:23:10, 249.8
05/22/21 14:23:15, 249.8
05/22/21 14:23:35, 
05/22/21 14:23:40, 
05/22/21 14:23:45, 
05/22/21 14:24:10, 249.2
05/22/21 14:24:15, 249.2
05/22/21 14:24:35, 
05/22/21 14:24:40, 
05/22/21 14:24:45, 
05/22/21 14:25:10, 248.1
05/22/21 14:25:15, 248.1
05/22/21 14:25:35, 
05/22/21 14:25:40, 
05/22/21 14:25:45, 
05/22/21 14:26:10, 248.5
05/22/21 14:26:15, 248.5
05/22/21 14:26:35, 
05/22/21 14:26:40, 
05/22/21 14:26:45, 
05/22/21 14:27:10, 248.9
05/22/21 14:27:15, 248.9
05/22/21 14:27:35, 
05/22/21 14:27:40, 
05/22/21 14:27:45, 
05/22/21 14:28:10, 249.2
05/22/21 14:28:15, 249.2
05/22/21 14:28:35, 
05/22/21 14:28:40, 
05/22/21 14:28:45, 
05/22/21 14:29:10, 249.4
05/22/21 14:29:15, 249.4
05/22/21 14:29:35, 
05/22/21 14:29:40, 
05/22/21 14:29:45, 
05/22/21 14:30:10, 250.4
05/22/21 14:30:15, 250.4
05/22/21 14:30:35, 
05/22/21 14:30:40, 
05/22/21 14:30:45, 
05/22/21 14:31:10, 251.0
05/22/21 14:31:15, 251.0
05/22/21 14:31:35, 
05/22/21 14:31:40, 
05/22/21 14:31:45, 
05/22/21 14:32:10, 251.2
05/22/21 14:32:15, 251.2
05/22/21 14:32:35, 
05/22/21 14:32:40, 
05/22/21 14:32:45, 
05/22/21 14:33:10, 250.6
05/22/21 14:33:15, 250.6
05/22/21 14:33:35, 
05/22/21 14:33:40, 
05/22/21 14:33:45, 
05/22/21 14:34:10, 250.4
05/22/21 14:34:15, 250.4
05/22/21 14:34:35, 
05/22/21 14:34:40, 
05/22/21 14:34:45, 
05/22/21 14:35:10, 250.5
05/22/21 14:35:15, 250.5
05/22/21 14:35:35, 
05/22/21 14:35:40, 
05/22/21 14:35:45, 
05/22/21 14:36:10, 250.6
05/22/21 14:36:15, 250.6
05/22/21 14:36:35, 
05/22/21 14:36:40, 
05/22/21 14:36:45, 
05/22/21 14:37:10, 248.9
05/22/21 14:37:15, 248.9
05/22/21 14:37:35, 
05/22/21 14:37:40, 
05/22/21 14:37:45, 
05/22/21 14:38:10, 248.9
05/22/21 14:38:15, 248.9
05/22/21 14:38:35, 
05/22/21 14:38:40, 
05/22/21 14:38:45, 
05/22/21 14:39:10, 249.5
05/22/21 14:39:15, 249.5
05/22/21 14:39:35, 
05/22/21 14:39:40, 
05/22/21 14:39:45, 
05/22/21 14:40:10, 249.7
05/22/21 14:40:15, 249.7
05/22/21 14:40:35, 
05/22/21 14:40:40, 
05/22/21 14:40:45, 
05/22/21 14:41:10, 249.7
05/22/21 14:41:15, 249.7
05/22/21 14:41:35, 
05/22/21 14:41:40, 
05/22/21 14:41:45, 
05/22/21 14:42:10, 249.1
05/22/21 14:42:15, 249.1
05/22/21 14:42:35, 
05/22/21 14:42:40, 
05/22/21 14:42:45, 
05/22/21 14:43:10, 248.5
05/22/21 14:43:15, 248.5
05/22/21 14:43:35, 
05/22/21 14:43:40, 
05/22/21 14:43:45, 
05/22/21 14:44:10, 248.5
05/22/21 14:44:15, 248.5
05/22/21 14:44:35, 
05/22/21 14:44:40, 
05/22/21 14:44:45, 
05/22/21 14:45:10, 248.8
05/22/21 14:45:15, 248.8
05/22/21 14:45:35, 
05/22/21 14:45:40, 
05/22/21 14:45:45, 
05/22/21 14:46:10, 249.5
05/22/21 14:46:15, 249.5
05/22/21 14:46:35, 
05/22/21 14:46:40, 
05/22/21 14:46:45, 
05/22/21 14:47:10, 250.2
05/22/21 14:47:15, 250.2
05/22/21 14:47:35, 
05/22/21 14:47:40, 
05/22/21 14:47:45, 
05/22/21 14:48:10, 249.2
05/22/21 14:48:15, 249.2
05/22/21 14:48:35, 
05/22/21 14:48:40, 
05/22/21 14:48:45, 
05/22/21 14:49:10, 248.8
05/22/21 14:49:15, 248.8
05/22/21 14:49:35, 
05/22/21 14:49:40, 
05/22/21 14:49:45, 
05/22/21 14:50:10, 248.6
05/22/21 14:50:15, 248.6
05/22/21 14:50:35, 
05/22/21 14:50:40, 
05/22/21 14:50:45, 
05/22/21 14:51:10, 248.7
05/22/21 14:51:15, 248.7
05/22/21 14:51:35, 
05/22/21 14:51:40, 
05/22/21 14:51:45, 
05/22/21 14:52:10, 248.7
05/22/21 14:52:15, 248.7
05/22/21 14:52:35, 
05/22/21 14:52:40, 
05/22/21 14:52:45, 
05/22/21 14:53:10, 248.5
05/22/21 14:53:15, 248.5
05/22/21 14:53:35, 
05/22/21 14:53:40, 
05/22/21 14:53:45, 
05/22/21 14:54:10, 248.7
05/22/21 14:54:15, 248.7
05/22/21 14:54:35, 
05/22/21 14:54:40, 
05/22/21 14:54:45, 
05/22/21 14:55:10, 248.5
05/22/21 14:55:15, 248.5
05/22/21 14:55:35, 
05/22/21 14:55:40, 
05/22/21 14:55:45, 
05/22/21 14:56:10, 248.2
05/22/21 14:56:15, 248.2
05/22/21 14:56:35, 
05/22/21 14:56:40, 
05/22/21 14:56:45, 
05/22/21 14:57:10, 247.8
05/22/21 14:57:15, 247.8
05/22/21 14:57:35, 
05/22/21 14:57:40, 
05/22/21 14:57:45, 
05/22/21 14:58:10, 247.0
05/22/21 14:58:15, 247.0
05/22/21 14:58:35, 
05/22/21 14:58:40, 
05/22/21 14:58:45, 
05/22/21 14:59:10, 247.2
05/22/21 14:59:15, 247.2
05/22/21 14:59:35, 
05/22/21 14:59:40, 
05/22/21 14:59:45, 
05/22/21 15:00:10, 247.4
05/22/21 15:00:15, 247.4
05/22/21 15:00:35, 
05/22/21 15:00:40, 
05/22/21 15:00:45, 
05/22/21 15:01:10, 248.1
05/22/21 15:01:15, 248.1
05/22/21 15:01:35, 
05/22/21 15:01:40, 
05/22/21 15:01:45, 
05/22/21 15:02:10, 248.5
05/22/21 15:02:15, 248.5
05/22/21 15:02:35, 
05/22/21 15:02:40, 
05/22/21 15:02:45, 
05/22/21 15:03:10, 248.2
05/22/21 15:03:15, 248.2
05/22/21 15:03:35, 
05/22/21 15:03:40, 
05/22/21 15:03:45, 
05/22/21 15:04:10, 248.0
05/22/21 15:04:15, 248.0
05/22/21 15:04:35, 
05/22/21 15:04:40, 
05/22/21 15:04:45, 
05/22/21 15:05:10, 247.8
05/22/21 15:05:15, 247.8
05/22/21 15:05:35, 
05/22/21 15:05:40, 
05/22/21 15:05:45, 
05/22/21 15:06:10, 247.7
05/22/21 15:06:15, 247.7
05/22/21 15:06:35, 
05/22/21 15:06:40, 
05/22/21 15:06:45, 
05/22/21 15:07:10, 247.5
05/22/21 15:07:15, 247.5
05/22/21 15:07:35, 
05/22/21 15:07:40, 
05/22/21 15:07:45, 
05/22/21 15:08:10, 247.5
05/22/21 15:08:15, 247.5
05/22/21 15:08:35, 
05/22/21 15:08:40, 
05/22/21 15:08:45, 
05/22/21 15:09:10, 248.3
05/22/21 15:09:15, 248.3
05/22/21 15:09:35, 
05/22/21 15:09:40, 
05/22/21 15:09:45, 
05/22/21 15:10:10, 249.7
05/22/21 15:10:15, 249.7
05/22/21 15:10:35, 
05/22/21 15:10:40, 
05/22/21 15:10:45, 
05/22/21 15:11:10, 251.7
05/22/21 15:11:15, 251.7
05/22/21 15:11:35, 
05/22/21 15:11:40, 
05/22/21 15:11:45, 
05/22/21 15:12:10, 252.4
05/22/21 15:12:15, 252.4
05/22/21 15:12:35, 
05/22/21 15:12:40, 
05/22/21 15:12:45, 
05/22/21 15:13:10, 252.3
05/22/21 15:13:15, 252.3
05/22/21 15:13:35, 
05/22/21 15:13:40, 
05/22/21 15:13:45, 
05/22/21 15:14:10, 252.5
05/22/21 15:14:15, 252.5
05/22/21 15:14:35, 
05/22/21 15:14:40, 
05/22/21 15:14:45, 
05/22/21 15:15:10, 252.5
05/22/21 15:15:15, 252.5
05/22/21 15:15:35, 
05/22/21 15:15:40, 
05/22/21 15:15:45, 
05/22/21 15:16:10, 253.2
05/22/21 15:16:15, 253.2
05/22/21 15:16:35, 
05/22/21 15:16:40, 
05/22/21 15:16:45, 
05/22/21 15:17:10, 254.3
05/22/21 15:17:15, 254.3
05/22/21 15:17:35, 
05/22/21 15:17:40, 
05/22/21 15:17:45, 
05/22/21 15:18:10, 254.3
05/22/21 15:18:15, 254.3
05/22/21 15:18:35, 
05/22/21 15:18:40, 
05/22/21 15:18:45, 
05/22/21 15:19:10, 253.6
05/22/21 15:19:15, 253.6
05/22/21 15:19:35, 
05/22/21 15:19:40, 
05/22/21 15:19:45, 
05/22/21 15:20:10, 253.6
05/22/21 15:20:15, 253.6
05/22/21 15:20:35, 
05/22/21 15:20:40, 
05/22/21 15:20:45, 
05/22/21 15:21:10, 255.0
05/22/21 15:21:15, 255.0
05/22/21 15:21:35, 
05/22/21 15:21:40, 
05/22/21 15:21:45, 
05/22/21 15:22:10, 256.4
05/22/21 15:22:15, 256.4
05/22/21 15:22:35, 
05/22/21 15:22:40, 
05/22/21 15:22:45, 
05/22/21 15:23:10, 256.7
05/22/21 15:23:15, 256.7
05/22/21 15:23:35, 
05/22/21 15:23:40, 
05/22/21 15:23:45, 
05/22/21 15:24:10, 256.4
05/22/21 15:24:15, 256.4
05/22/21 15:24:35, 
05/22/21 15:24:40, 
05/22/21 15:24:45, 
05/22/21 15:25:10, 256.3
05/22/21 15:25:15, 256.3
05/22/21 15:25:35, 
05/22/21 15:25:40, 
05/22/21 15:25:45, 
05/22/21 15:26:10, 256.6
05/22/21 15:26:15, 256.6
05/22/21 15:26:35, 
05/22/21 15:26:40, 
05/22/21 15:26:45, 
05/22/21 15:27:10, 257.0
05/22/21 15:27:15, 257.0
05/22/21 15:27:35, 
05/22/21 15:27:40, 
05/22/21 15:27:45, 
05/22/21 15:28:10, 257.1
05/22/21 15:28:15, 257.1
05/22/21 15:28:35, 
05/22/21 15:28:40, 
05/22/21 15:28:45, 
05/22/21 15:29:10, 257.9
05/22/21 15:29:15, 257.9
05/22/21 15:29:35, 
05/22/21 15:29:40, 
05/22/21 15:29:45, 
05/22/21 15:30:10, 257.1
05/22/21 15:30:15, 257.1
05/22/21 15:30:35, 
05/22/21 15:30:40, 
05/22/21 15:30:45, 
05/22/21 15:31:10, 258.4
05/22/21 15:31:15, 258.4
05/22/21 15:31:35, 
05/22/21 15:31:40, 
05/22/21 15:31:45, 
05/22/21 15:32:10, 258.1
05/22/21 15:32:15, 258.1
05/22/21 15:32:35, 
05/22/21 15:32:40, 
05/22/21 15:32:45, 
05/22/21 15:33:10, 260.2
05/22/21 15:33:15, 260.2
05/22/21 15:33:35, 
05/22/21 15:33:40, 
05/22/21 15:33:45, 
05/22/21 15:34:10, 261.7
05/22/21 15:34:15, 261.7
05/22/21 15:34:35, 
05/22/21 15:34:40, 
05/22/21 15:34:45, 
05/22/21 15:35:10, 261.3
05/22/21 15:35:15, 261.3
05/22/21 15:35:35, 
05/22/21 15:35:40, 
05/22/21 15:35:45, 
05/22/21 15:36:10, 260.4
05/22/21 15:36:15, 260.4
05/22/21 15:36:35, 
05/22/21 15:36:40, 
05/22/21 15:36:45, 
05/22/21 15:37:10, 259.5
05/22/21 15:37:15, 259.5
05/22/21 15:37:35, 
05/22/21 15:37:40, 
05/22/21 15:37:45, 
05/22/21 15:38:10, 262.2
05/22/21 15:38:15, 262.2
05/22/21 15:38:35, 
05/22/21 15:38:40, 
05/22/21 15:38:45, 
05/22/21 15:39:10, 259.4
05/22/21 15:39:15, 259.4
05/22/21 15:39:35, 
05/22/21 15:39:40, 
05/22/21 15:39:45, 
05/22/21 15:40:10, 262.1
05/22/21 15:40:15, 262.1
05/22/21 15:40:35, 
05/22/21 15:40:40, 
05/22/21 15:40:45, 
05/22/21 15:41:10, 261.1
05/22/21 15:41:15, 261.1
05/22/21 15:41:35, 
05/22/21 15:41:40, 
05/22/21 15:41:45, 
05/22/21 15:42:10, 261.0
05/22/21 15:42:15, 261.0
05/22/21 15:42:35, 
05/22/21 15:42:40, 
05/22/21 15:42:45, 
05/22/21 15:43:10, 261.4
05/22/21 15:43:15, 261.4
05/22/21 15:43:35, 
05/22/21 15:43:40, 
05/22/21 15:43:45, 
05/22/21 15:44:10, 259.2
05/22/21 15:44:15, 259.2
05/22/21 15:44:35, 
05/22/21 15:44:40, 
05/22/21 15:44:45, 
05/22/21 15:45:10, 258.7
05/22/21 15:45:15, 258.7
05/22/21 15:45:35, 
05/22/21 15:45:40, 
05/22/21 15:45:45, 
05/22/21 15:46:10, 259.2
05/22/21 15:46:15, 259.2
05/22/21 15:46:35, 
05/22/21 15:46:40, 
05/22/21 15:46:45, 
05/22/21 15:47:10, 262.4
05/22/21 15:47:15, 262.4
05/22/21 15:47:35, 
05/22/21 15:47:40, 
05/22/21 15:47:45, 
05/22/21 15:48:10, 263.1
05/22/21 15:48:15, 263.1
05/22/21 15:48:35, 
05/22/21 15:48:40, 
05/22/21 15:48:45, 
05/22/21 15:49:10, 260.2
05/22/21 15:49:15, 260.2
05/22/21 15:49:35, 
05/22/21 15:49:40, 
05/22/21 15:49:45, 
05/22/21 15:50:10, 259.5
05/22/21 15:50:15, 259.5
05/22/21 15:50:35, 
05/22/21 15:50:40, 
05/22/21 15:50:45, 
05/22/21 15:51:10, 259.2
05/22/21 15:51:15, 259.2
05/22/21 15:51:35, 
05/22/21 15:51:40, 
05/22/21 15:51:45, 
05/22/21 15:52:10, 263.9
05/22/21 15:52:15, 263.9
05/22/21 15:52:35, 
05/22/21 15:52:40, 
05/22/21 15:52:45, 
05/22/21 15:53:10, 265.0
05/22/21 15:53:15, 265.0
05/22/21 15:53:35, 
05/22/21 15:53:40, 
05/22/21 15:53:45, 
05/22/21 15:54:10, 263.8
05/22/21 15:54:15, 263.8
05/22/21 15:54:35, 
05/22/21 15:54:40, 
05/22/21 15:54:45, 
05/22/21 15:55:10, 264.7
05/22/21 15:55:15, 264.7
05/22/21 15:55:35, 
05/22/21 15:55:40, 
05/22/21 15:55:45, 
05/22/21 15:56:10, 265.0
05/22/21 15:56:15, 265.0
05/22/21 15:56:35, 
05/22/21 15:56:40, 
05/22/21 15:56:45, 
05/22/21 15:57:10, 259.1
05/22/21 15:57:15, 259.1
05/22/21 15:57:35, 
05/22/21 15:57:40, 
05/22/21 15:57:45, 
05/22/21 15:58:10, 255.6
05/22/21 15:58:15, 255.6
05/22/21 15:58:35, 
05/22/21 15:58:40, 
05/22/21 15:58:45, 
05/22/21 15:59:10, 255.1
05/22/21 15:59:15, 255.1
05/22/21 15:59:35, 
05/22/21 15:59:40, 
05/22/21 15:59:45, 
05/22/21 16:00:10, 255.0
05/22/21 16:00:15, 255.0
05/22/21 16:00:35, 
05/22/21 16:00:40, 
05/22/21 16:00:45, 
05/22/21 16:01:10, 255.9
05/22/21 16:01:15, 255.9
05/22/21 16:01:35, 
05/22/21 16:01:40, 
05/22/21 16:01:45, 
05/22/21 16:02:10, 256.9
05/22/21 16:02:15, 256.9
05/22/21 16:02:35, 
05/22/21 16:02:40, 
05/22/21 16:02:45, 
05/22/21 16:03:10, 256.5
05/22/21 16:03:15, 256.5
05/22/21 16:03:35, 
05/22/21 16:03:40, 
05/22/21 16:03:45, 
05/22/21 16:04:10, 257.7
05/22/21 16:04:15, 257.7
05/22/21 16:04:35, 
05/22/21 16:04:40, 
05/22/21 16:04:45, 
05/22/21 16:05:10, 257.8
05/22/21 16:05:15, 257.8
05/22/21 16:05:35, 
05/22/21 16:05:40, 
05/22/21 16:05:45, 
05/22/21 16:06:10, 256.0
05/22/21 16:06:15, 256.0
05/22/21 16:06:35, 
05/22/21 16:06:40, 
05/22/21 16:06:45, 
05/22/21 16:07:10, 256.0
05/22/21 16:07:15, 256.0
05/22/21 16:07:35, 
05/22/21 16:07:40, 
05/22/21 16:07:45, 
05/22/21 16:08:10, 257.2
05/22/21 16:08:15, 257.2
05/22/21 16:08:35, 
05/22/21 16:08:40, 
05/22/21 16:08:45, 
05/22/21 16:09:10, 256.7
05/22/21 16:09:15, 256.7
05/22/21 16:09:35, 
05/22/21 16:09:40, 
05/22/21 16:09:45, 
05/22/21 16:10:10, 256.0
05/22/21 16:10:15, 256.0
05/22/21 16:10:35, 
05/22/21 16:10:40, 
05/22/21 16:10:45, 
05/22/21 16:11:10, 260.3
05/22/21 16:11:15, 260.3
05/22/21 16:11:35, 
05/22/21 16:11:40, 
05/22/21 16:11:45, 
05/22/21 16:12:10, 264.4
05/22/21 16:12:15, 264.4
05/22/21 16:12:35, 
05/22/21 16:12:40, 
05/22/21 16:12:45, 
05/22/21 16:13:10, 265.8
05/22/21 16:13:15, 265.8
05/22/21 16:13:35, 
05/22/21 16:13:40, 
05/22/21 16:13:45, 
05/22/21 16:14:10, 264.9
05/22/21 16:14:15, 264.9
05/22/21 16:14:35, 
05/22/21 16:14:40, 
05/22/21 16:14:45, 
05/22/21 16:15:10, 264.3
05/22/21 16:15:15, 264.3
05/22/21 16:15:35, 
05/22/21 16:15:40, 
05/22/21 16:15:45, 
05/22/21 16:16:10, 264.2
05/22/21 16:16:15, 264.2
05/22/21 16:16:35, 
05/22/21 16:16:40, 
05/22/21 16:16:45, 
05/22/21 16:17:10, 264.9
05/22/21 16:17:15, 264.9
05/22/21 16:17:35, 
05/22/21 16:17:40, 
05/22/21 16:17:45, 
05/22/21 16:18:10, 266.8
05/22/21 16:18:15, 266.8
05/22/21 16:18:35, 
05/22/21 16:18:40, 
05/22/21 16:18:45, 
05/22/21 16:19:10, 267.9
05/22/21 16:19:15, 267.9
05/22/21 16:19:35, 
05/22/21 16:19:40, 
05/22/21 16:19:45, 
05/22/21 16:20:10, 268.3
05/22/21 16:20:15, 268.3
05/22/21 16:20:35, 
05/22/21 16:20:40, 
05/22/21 16:20:45, 
05/22/21 16:21:10, 267.2
05/22/21 16:21:15, 267.2
05/22/21 16:21:35, 
05/22/21 16:21:40, 
05/22/21 16:21:45, 
05/22/21 16:22:10, 265.1
05/22/21 16:22:15, 265.1
05/22/21 16:22:35, 
05/22/21 16:22:40, 
05/22/21 16:22:45, 
05/22/21 16:23:10, 261.4
05/22/21 16:23:15, 261.4
05/22/21 16:23:35, 
05/22/21 16:23:40, 
05/22/21 16:23:45, 
05/22/21 16:24:10, 261.1
05/22/21 16:24:15, 261.1
05/22/21 16:24:35, 
05/22/21 16:24:40, 
05/22/21 16:24:45, 
05/22/21 16:25:10, 258.6
05/22/21 16:25:15, 258.6
05/22/21 16:25:35, 
05/22/21 16:25:40, 
05/22/21 16:25:45, 
05/22/21 16:26:10, 260.0
05/22/21 16:26:15, 260.0
05/22/21 16:26:35, 
05/22/21 16:26:40, 
05/22/21 16:26:45, 
05/22/21 16:27:10, 260.5
05/22/21 16:27:15, 260.5
05/22/21 16:27:35, 
05/22/21 16:27:40, 
05/22/21 16:27:45, 
05/22/21 16:28:10, 261.1
05/22/21 16:28:15, 261.1
05/22/21 16:28:35, 
05/22/21 16:28:40, 
05/22/21 16:28:45, 
05/22/21 16:29:10, 261.6
05/22/21 16:29:15, 261.6
05/22/21 16:29:35, 
05/22/21 16:29:40, 
05/22/21 16:29:45, 
05/22/21 16:30:10, 261.6
05/22/21 16:30:15, 261.6
05/22/21 16:30:35, 
05/22/21 16:30:40, 
05/22/21 16:30:45, 
05/22/21 16:31:10, 262.0
05/22/21 16:31:15, 262.0
05/22/21 16:31:35, 
05/22/21 16:31:40, 
05/22/21 16:31:45, 
05/22/21 16:32:10, 261.2
05/22/21 16:32:15, 261.2
05/22/21 16:32:35, 
05/22/21 16:32:40, 
05/22/21 16:32:45, 
05/22/21 16:33:10, 259.1
05/22/21 16:33:15, 259.1
05/22/21 16:33:35, 
05/22/21 16:33:40, 
05/22/21 16:33:45, 
05/22/21 16:34:10, 259.2
05/22/21 16:34:15, 259.2
05/22/21 16:34:35, 
05/22/21 16:34:40, 
05/22/21 16:34:45, 
05/22/21 16:35:10, 258.8
05/22/21 16:35:15, 258.8
05/22/21 16:35:35, 
05/22/21 16:35:40, 
05/22/21 16:35:45, 
05/22/21 16:36:10, 260.0
05/22/21 16:36:15, 260.0
05/22/21 16:36:35, 
05/22/21 16:36:40, 
05/22/21 16:36:45, 
05/22/21 16:37:10, 260.9
05/22/21 16:37:15, 260.9
05/22/21 16:37:35, 
05/22/21 16:37:40, 
05/22/21 16:37:45, 
05/22/21 16:38:10, 260.0
05/22/21 16:38:15, 260.0
05/22/21 16:38:35, 
05/22/21 16:38:40, 
05/22/21 16:38:45, 
05/22/21 16:39:10, 260.1
05/22/21 16:39:15, 260.1
05/22/21 16:39:35, 
05/22/21 16:39:40, 
05/22/21 16:39:45, 
05/22/21 16:40:10, 260.5
05/22/21 16:40:15, 260.5
05/22/21 16:40:35, 
05/22/21 16:40:40, 
05/22/21 16:40:45, 
05/22/21 16:41:10, 260.4
05/22/21 16:41:15, 260.4
05/22/21 16:41:35, 
05/22/21 16:41:40, 
05/22/21 16:41:45, 
05/22/21 16:42:10, 262.2
05/22/21 16:42:15, 262.2
05/22/21 16:42:35, 
05/22/21 16:42:40, 
05/22/21 16:42:45, 
05/22/21 16:43:10, 263.4
05/22/21 16:43:15, 263.4
05/22/21 16:43:35, 
05/22/21 16:43:40, 
05/22/21 16:43:45, 
05/22/21 16:44:10, 260.8
05/22/21 16:44:15, 260.8
05/22/21 16:44:35, 
05/22/21 16:44:40, 
05/22/21 16:44:45, 
05/22/21 16:45:10, 256.3
05/22/21 16:45:15, 256.3
05/22/21 16:45:35, 
05/22/21 16:45:40, 
05/22/21 16:45:45, 
05/22/21 16:46:10, 250.6
05/22/21 16:46:15, 250.6
05/22/21 16:46:35, 
05/22/21 16:46:40, 
05/22/21 16:46:45, 
05/22/21 16:47:10, 247.6
05/22/21 16:47:15, 247.6
05/22/21 16:47:35, 
05/22/21 16:47:40, 
05/22/21 16:47:45, 
05/22/21 16:48:10, 245.9
05/22/21 16:48:15, 245.9
05/22/21 16:48:35, 
05/22/21 16:48:40, 
05/22/21 16:48:45, 
05/22/21 16:49:10, 244.4
05/22/21 16:49:15, 244.4
05/22/21 16:49:35, 
05/22/21 16:49:40, 
05/22/21 16:49:45, 
05/22/21 16:50:10, 242.9
05/22/21 16:50:15, 242.9
05/22/21 16:50:35, 
05/22/21 16:50:40, 
05/22/21 16:50:45, 
05/22/21 16:51:10, 242.1
05/22/21 16:51:15, 242.1
05/22/21 16:51:35, 
05/22/21 16:51:40, 
05/22/21 16:51:45, 
05/22/21 16:52:10, 241.5
05/22/21 16:52:15, 241.5
05/22/21 16:52:35, 
05/22/21 16:52:40, 
05/22/21 16:52:45, 
05/22/21 16:53:10, 241.2
05/22/21 16:53:15, 241.2
05/22/21 16:53:35, 
05/22/21 16:53:40, 
05/22/21 16:53:45, 
05/22/21 16:54:10, 240.1
05/22/21 16:54:15, 240.1
05/22/21 16:54:35, 
05/22/21 16:54:40, 
05/22/21 16:54:45, 
05/22/21 16:55:10, 241.0
05/22/21 16:55:15, 241.0
05/22/21 16:55:35, 
05/22/21 16:55:40, 
05/22/21 16:55:45, 
05/22/21 16:56:10, 240.4
05/22/21 16:56:15, 240.4
05/22/21 16:56:35, 
05/22/21 16:56:40, 
05/22/21 16:56:45, 
05/22/21 16:57:10, 239.9
05/22/21 16:57:15, 239.9
05/22/21 16:57:35, 
05/22/21 16:57:40, 
05/22/21 16:57:45, 
05/22/21 16:58:10, 240.8
05/22/21 16:58:15, 240.8
05/22/21 16:58:35, 
05/22/21 16:58:40, 
05/22/21 16:58:45, 
05/22/21 16:59:10, 240.7
05/22/21 16:59:15, 240.7
05/22/21 16:59:35, 
05/22/21 16:59:40, 
05/22/21 16:59:45, 
05/22/21 17:00:10, 241.4
05/22/21 17:00:15, 241.4
05/22/21 17:00:35, 
05/22/21 17:00:40, 
05/22/21 17:00:45, 
05/22/21 17:01:10, 240.8
05/22/21 17:01:15, 240.8
05/22/21 17:01:35, 
05/22/21 17:01:40, 
05/22/21 17:01:45, 
05/22/21 17:02:10, 239.9
05/22/21 17:02:15, 239.9
05/22/21 17:02:35, 
05/22/21 17:02:40, 
05/22/21 17:02:45, 
05/22/21 17:03:10, 240.2
05/22/21 17:03:15, 240.2
05/22/21 17:03:35, 
05/22/21 17:03:40, 
05/22/21 17:03:45, 
05/22/21 17:04:10, 240.0
05/22/21 17:04:15, 240.0
05/22/21 17:04:35, 
05/22/21 17:04:40, 
05/22/21 17:04:45, 
05/22/21 17:05:10, 239.3
05/22/21 17:05:15, 239.3
05/22/21 17:05:35, 
05/22/21 17:05:40, 
05/22/21 17:05:45, 
05/22/21 17:06:10, 238.4
05/22/21 17:06:15, 238.4
05/22/21 17:06:35, 
05/22/21 17:06:40, 
05/22/21 17:06:45, 
05/22/21 17:07:10, 238.7
05/22/21 17:07:15, 238.7
05/22/21 17:07:35, 
05/22/21 17:07:40, 
05/22/21 17:07:45, 
05/22/21 17:08:10, 237.9
05/22/21 17:08:15, 237.9
05/22/21 17:08:35, 
05/22/21 17:08:40, 
05/22/21 17:08:45, 
05/22/21 17:09:10, 237.6
05/22/21 17:09:15, 237.6
05/22/21 17:09:35, 
05/22/21 17:09:40, 
05/22/21 17:09:45, 
05/22/21 17:10:10, 236.3
05/22/21 17:10:15, 236.3
05/22/21 17:10:35, 
05/22/21 17:10:40, 
05/22/21 17:10:45, 
05/22/21 17:11:10, 235.7
05/22/21 17:11:15, 235.7
05/22/21 17:11:35, 
05/22/21 17:11:40, 
05/22/21 17:11:45, 
05/22/21 17:12:10, 236.0
05/22/21 17:12:15, 236.0
05/22/21 17:12:35, 
05/22/21 17:12:40, 
05/22/21 17:12:45, 
05/22/21 17:13:10, 235.9
05/22/21 17:13:15, 235.9
05/22/21 17:13:35, 
05/22/21 17:13:40, 
05/22/21 17:13:45, 
05/22/21 17:14:10, 236.6
05/22/21 17:14:15, 236.6
05/22/21 17:14:35, 
05/22/21 17:14:40, 
05/22/21 17:14:45, 
05/22/21 17:15:10, 237.7
05/22/21 17:15:15, 237.7
05/22/21 17:15:35, 
05/22/21 17:15:40, 
05/22/21 17:15:45, 
05/22/21 17:16:10, 237.4
05/22/21 17:16:15, 237.4
05/22/21 17:16:35, 
05/22/21 17:16:40, 
05/22/21 17:16:45, 
05/22/21 17:17:10, 234.1
05/22/21 17:17:15, 234.1
05/22/21 17:17:35, 
05/22/21 17:17:40, 
05/22/21 17:17:45, 
05/22/21 17:18:10, 231.9
05/22/21 17:18:15, 231.9
05/22/21 17:18:35, 
05/22/21 17:18:40, 
05/22/21 17:18:45, 
05/22/21 17:19:10, 229.9
05/22/21 17:19:15, 229.9
05/22/21 17:19:35, 
05/22/21 17:19:40, 
05/22/21 17:19:45, 
05/22/21 17:20:10, 229.9
05/22/21 17:20:15, 229.9
05/22/21 17:20:35, 
05/22/21 17:20:40, 
05/22/21 17:20:45, 
05/22/21 17:21:10, 229.7
05/22/21 17:21:15, 229.7
05/22/21 17:21:35, 
05/22/21 17:21:40, 
05/22/21 17:21:45, 
05/22/21 17:22:10, 228.2
05/22/21 17:22:15, 228.2
05/22/21 17:22:35, 
05/22/21 17:22:40, 
05/22/21 17:22:45, 
05/22/21 17:23:10, 228.5
